Name,Number of reads,Avg.length,Trimmed sequences,Trimmed (broken pairs),Total number of reads after trim,Percentage trimmed (%),Avg.length after trim
BFTMS23071402,295824,122.0862236,257981,0,257981,87.20759641,135.1839089
BFTMS23071403,204389,108.0336956,150898,0,150898,73.8288264,135.2142772
BFTMS23071404,115637,84.0053789,56922,0,56922,49.22472911,137.9766698
BFTMS23071417,159132,100.85392,100703,0,100703,63.28268356,141.3331579